model,accuracy,f1_weighted
Random Forest,0.75,0.7260983597055585
XGBoost,0.7888888888888889,0.7724152653360575
